{"train_loss": [4.60636737273128, 3.031851764292444, 2.346371660673671, 1.9278304792185712, 1.6002079453237257, 1.3659937297720215, 1.1873484298521202, 1.0509286228780705, 0.9452445328498201, 0.8420955675288969], "val_loss": [3.9187604188919067, 3.271247386932373, 3.0174112021923065, 2.910997211933136, 2.9180298447608948, 2.921479880809784, 2.901633322238922, 3.008686363697052, 3.035591244697571, 2.991834342479706], "train_ppl": [100.11979036573027, 20.73559449329085, 10.447593456792223, 6.874579508062997, 4.954062491421128, 3.9196161565950827, 3.2783768262185045, 2.8603060307845007, 2.573442592904497, 2.321226169807982], "val_ppl": [50.338008044571566, 26.344180242531912, 20.438312479017526, 18.37511331592848, 18.50479420561029, 18.5687466684138, 18.20385386041332, 20.260767156922245, 20.813280003781646, 19.92219311995764], "train_acc": [0.25533119418416256, 0.46041195363725335, 0.5490718100564596, 0.6035863623219965, 0.6513064096677671, 0.6907346771152009, 0.7243411554113883, 0.7513670808418207, 0.7729833766752403, 0.7955877019445277], "val_acc": [0.3079778775572777, 0.3944326229393482, 0.4421054422855377, 0.463947556912899, 0.47702009603381157, 0.4799830876290798, 0.4827519617974758, 0.4839601404964924, 0.49377306178212166, 0.5027624741196632]}