{"train_loss": [5.122511552819072, 4.31984040180492, 3.929351513606336, 3.636259743820728, 3.345564230948293, 3.1167336192950277, 2.889078006870421, 2.7084385035846728, 2.5311749496123865, 2.369376318570276, 2.2186356593858827, 2.102238797406268, 1.9612685315934573, 1.8590532940389826, 1.7663262231759562], "val_loss": [4.8520509004592896, 4.647351384162903, 4.5328837633132935, 4.242369294166565, 4.09643092751503, 4.011972635984421, 3.8643963038921356, 3.703871488571167, 3.639262557029724, 3.6183387339115143, 3.5204402804374695, 3.428199291229248, 3.4082186222076416, 3.4367505311965942, 3.4149235785007477], "train_ppl": [167.75616944970744, 75.17662928019293, 50.87397588859978, 37.94962960901395, 28.376582096392955, 22.57252862410451, 17.976727539167758, 15.005825668224459, 12.568264542331269, 10.690722599292457, 9.194777495917819, 8.184472793163023, 7.1083385002677275, 6.417658259271452, 5.849324726280215], "val_ppl": [128.00264150433372, 104.30834664484297, 93.02644088288244, 69.57249442356927, 60.12531259604502, 55.255762631660666, 47.67448284374446, 40.604199148855656, 38.063756523227376, 37.275591680488986, 33.799306361776644, 30.82109293779332, 30.211378417347884, 31.085781594755456, 30.41462500750622]}