{"train_loss": [5.058829721375184, 4.183006348588918, 3.745413055503946, 3.4340664678733255, 3.147878435739862, 2.945843999081246, 2.725739514775213, 2.5541954366121, 2.389166763700578, 2.229393551528191, 2.1167737460871625, 2.00110899351767, 1.878592953807982, 1.7545410373662538, 1.6747762432182414], "val_loss": [4.860471725463867, 4.431718409061432, 4.252636551856995, 4.069759219884872, 3.908627450466156, 3.7504621744155884, 3.713469058275223, 3.547875016927719, 3.5336809158325195, 3.571132570505142, 3.4956604838371277, 3.401673674583435, 3.3585159480571747, 3.4800230860710144, 3.4437922537326813], "train_ppl": [157.40619938276382, 65.56266144342315, 42.32648679690548, 31.002457262417742, 23.286608101455613, 19.026714140936665, 15.267700443133242, 12.860948045885277, 10.904404211208268, 9.294227899717207, 8.304302434394026, 7.3972550597029345, 6.544290262334489, 5.780793964587901, 5.337600691091172], "val_ppl": [129.08508046677466, 84.07576941042652, 70.29049278166407, 58.54286493698357, 49.83051017076436, 42.54073869834797, 40.99577687192014, 34.73941832229656, 34.24980652655322, 35.556840984927376, 32.97205827430752, 30.014292191002905, 28.746497911712293, 32.46047145196279, 31.30545156333772], "train_acc": [0.18696780745678537, 0.28048249258606445, 0.33244266961639674, 0.37215000627324446, 0.40752063593150234, 0.43313198625253685, 0.4624950558866173, 0.48406497261072573, 0.5060572490293024, 0.5291625794335084, 0.5446815857015518, 0.5630686357945598, 0.5821004523054618, 0.6037846585727473, 0.6183887436526463], "val_acc": [0.1833156980574131, 0.2334674783051014, 0.26813418604433537, 0.28519376553595066, 0.30385322123765945, 0.32653000205755234, 0.3395508639514446, 0.35728006437420845, 0.3621301129460335, 0.36648139357566833, 0.3758150786161423, 0.38706371560692787, 0.40032243728637695, 0.39193863049149513, 0.3989363722503185]}